user_id,first_name,last_name,email,signup_date,country,city,postal_code,age,gender,loyalty_tier
U000001,Sai,Shetty,sai.shetty893@gmail.com,2022-03-02,India,Indore,690467,58,Other,Silver
U000002,Navya,Patel,navya.patel860@gmail.com,2022-08-19,India,Kochi,633026,63,Male,Bronze
U000003,Diya,Chowdhury,diya.chowdhury7357@gmail.com,2022-07-26,India,Surat,680854,24,Male,Bronze
U000004,Reyansh,Verma,reyansh.verma8396@gmail.com,2020-11-29,India,Indore,447789,61,Female,Gold
U000005,Arjun,Pandey,arjun.pandey7815@gmail.com,2022-09-23,India,Ahmedabad,592898,38,Other,Silver
U000006,Mohammed,Patel,mohammed.patel4504@gmail.com,2024-06-10,India,Kolkata,280429,20,Female,Bronze
U000007,Mohammed,Sharma,mohammed.sharma8582@gmail.com,2020-10-28,India,Mumbai,730723,53,Other,Silver
U000008,Zara,Iyer,zara.iyer7004@gmail.com,2022-03-25,United Kingdom,Birmingham,41906,59,Female,Bronze
U000009,Ira,Malhotra,ira.malhotra6778@gmail.com,2021-10-26,India,Chandigarh,693787,39,Female,Silver
U000010,Saanvi,Iyer,saanvi.iyer4977@gmail.com,2023-09-20,India,Bengaluru,142852,50,Male,Silver
U000011,Saanvi,Pillai,saanvi.pillai9224@gmail.com,2022-01-20,United Kingdom,London,77027,33,Other,Bronze
U000012,Aadhya,Singh,aadhya.singh9054@gmail.com,2023-12-24,India,Indore,387844,26,Male,Silver
U000013,Arjun,Iyer,arjun.iyer4629@gmail.com,2021-08-26,India,Delhi,207441,28,Female,Bronze
U000014,Riya,Singh,riya.singh5644@gmail.com,2020-10-20,India,Delhi,612360,57,Female,Silver
U000015,Ananya,Singh,ananya.singh6297@gmail.com,2023-11-03,India,Patna,635198,57,Male,Silver
U000016,Myra,Reddy,myra.reddy4352@gmail.com,2024-06-28,India,Hyderabad,713573,31,Female,Bronze
U000017,Ira,Khan,ira.khan2396@gmail.com,2024-03-01,India,Chennai,621871,27,Male,Platinum
U000018,Krishna,Shetty,krishna.shetty8048@gmail.com,2023-11-26,India,Ahmedabad,115521,49,Female,Gold
U000019,Reyansh,Khan,reyansh.khan4715@gmail.com,2022-10-12,India,Nagpur,638874,39,Female,Bronze
U000020,Myra,Singh,myra.singh5056@gmail.com,2021-03-24,India,Kochi,536555,23,Female,Gold
U000021,Riya,Nair,riya.nair4396@gmail.com,2024-04-11,India,Ahmedabad,611302,44,Female,Bronze
U000022,Vihaan,Pandey,vihaan.pandey792@gmail.com,2022-10-29,India,Patna,683749,44,Male,Silver
U000023,Navya,Sharma,navya.sharma906@gmail.com,2023-01-06,India,Pune,529405,19,Other,Bronze
U000024,Saanvi,Iyer,saanvi.iyer3475@gmail.com,2021-05-20,India,Indore,437538,37,Male,Bronze
U000025,Aadhya,Reddy,aadhya.reddy9925@gmail.com,2024-02-10,India,Kolkata,750052,20,Male,Silver
U000026,Aarav,Verma,aarav.verma8555@gmail.com,2022-03-04,India,Pune,321037,49,Male,Bronze
U000027,Saanvi,Bose,saanvi.bose1263@gmail.com,2024-12-24,India,Lucknow,527774,49,Other,Bronze
U000028,Ira,Verma,ira.verma4092@gmail.com,2021-08-09,India,Coimbatore,414790,25,Female,Silver
U000029,Aditya,Sharma,aditya.sharma3343@gmail.com,2023-11-10,India,Coimbatore,127034,51,Female,Silver
U000030,Zara,Malhotra,zara.malhotra6967@gmail.com,2024-07-03,India,Hyderabad,456407,41,Male,Silver
U000031,Krishna,Nair,krishna.nair9379@gmail.com,2022-06-24,India,Chandigarh,224234,38,Other,Bronze
U000032,Ananya,Pillai,ananya.pillai1662@gmail.com,2023-06-03,India,Delhi,395765,47,Female,Bronze
U000033,Ananya,Mishra,ananya.mishra6071@gmail.com,2021-09-17,India,Patna,381359,23,Other,Bronze
U000034,Zara,Pandey,zara.pandey3389@gmail.com,2022-06-23,Australia,Melbourne,96569,50,Other,Bronze
U000035,Zara,Malhotra,zara.malhotra4574@gmail.com,2021-04-26,United States,New York,33928,54,Other,Bronze
U000036,Krishna,Bose,krishna.bose2611@gmail.com,2023-09-08,India,Patna,647667,30,Other,Bronze
U000037,Myra,Patel,myra.patel793@gmail.com,2020-08-21,United Arab Emirates,Sharjah,18675,39,Male,Gold
U000038,Krishna,Sharma,krishna.sharma7039@gmail.com,2024-01-17,India,Mumbai,261772,45,Other,Bronze
U000039,Arjun,Das,arjun.das5468@gmail.com,2020-02-05,United Kingdom,London,25909,53,Male,Gold
U000040,Navya,Singh,navya.singh4927@gmail.com,2021-07-17,India,Delhi,649597,47,Male,Gold
U000041,Ishaan,Verma,ishaan.verma1402@gmail.com,2023-02-22,India,Kochi,548073,21,Other,Silver
U000042,Sai,Chowdhury,sai.chowdhury7574@gmail.com,2020-11-23,India,Chandigarh,421855,41,Male,Gold
U000043,Ananya,Chowdhury,ananya.chowdhury1882@gmail.com,2023-05-23,India,Kolkata,357395,22,Male,Gold
U000044,Kiara,Malhotra,kiara.malhotra1752@gmail.com,2021-07-02,India,Patna,550733,61,Other,Bronze
U000045,Aarav,Reddy,aarav.reddy9895@gmail.com,2023-01-23,India,Mumbai,545795,45,Male,Bronze
U000046,Ira,Gupta,ira.gupta2947@gmail.com,2022-02-02,United States,San Francisco,12052,40,Male,Silver
U000047,Myra,Mishra,myra.mishra4671@gmail.com,2021-05-18,India,Jaipur,697051,40,Female,Silver
U000048,Navya,Bose,navya.bose6710@gmail.com,2020-10-21,Australia,Melbourne,54163,44,Other,Bronze
U000049,Krishna,Patel,krishna.patel5422@gmail.com,2024-10-08,India,Chennai,465117,33,Other,Silver
U000050,Aarav,Sharma,aarav.sharma5449@gmail.com,2021-06-03,India,Surat,500504,19,Male,Platinum
U000051,Aditya,Verma,aditya.verma3637@gmail.com,2022-09-18,Australia,Brisbane,84365,24,Female,Bronze
U000052,Aditya,Singh,aditya.singh3022@gmail.com,2023-05-01,India,Bhopal,525527,49,Male,Bronze
U000053,Riya,Kapoor,riya.kapoor1189@gmail.com,2023-08-27,India,Kolkata,320925,52,Male,Bronze
U000054,Ira,Mehta,ira.mehta9386@gmail.com,2023-01-27,India,Hyderabad,686485,61,Female,Silver
U000055,Ananya,Iyer,ananya.iyer9750@gmail.com,2020-09-15,India,Nagpur,282660,44,Female,Gold
U000056,Aditya,Mishra,aditya.mishra5467@gmail.com,2022-04-20,India,Bengaluru,388191,55,Other,Platinum
U000057,Krishna,Pillai,krishna.pillai9631@gmail.com,2023-03-05,United Kingdom,Birmingham,38542,31,Male,Silver
U000058,Sai,Mishra,sai.mishra6218@gmail.com,2024-12-16,India,Bengaluru,496292,61,Male,Bronze
U000059,Krishna,Pillai,krishna.pillai1807@gmail.com,2021-06-29,India,Mumbai,233455,38,Other,Silver
U000060,Krishna,Sharma,krishna.sharma9692@gmail.com,2020-06-15,Germany,Hamburg,99312,53,Female,Bronze
U000061,Krishna,Nair,krishna.nair8455@gmail.com,2020-07-30,Germany,Munich,90170,42,Male,Bronze
U000062,Zara,Pillai,zara.pillai4695@gmail.com,2021-09-05,India,Delhi,346946,49,Female,Bronze
U000063,Aarav,Reddy,aarav.reddy4102@gmail.com,2023-09-07,India,Mumbai,390243,53,Male,Bronze
U000064,Reyansh,Verma,reyansh.verma3800@gmail.com,2024-09-27,Australia,Sydney,33621,29,Other,Bronze
U000065,Navya,Verma,navya.verma320@gmail.com,2024-06-17,India,Coimbatore,202068,25,Female,Silver
U000066,Saanvi,Sharma,saanvi.sharma7466@gmail.com,2023-08-08,India,Nagpur,244451,59,Other,Bronze
U000067,Navya,Singh,navya.singh448@gmail.com,2024-12-28,India,Pune,257325,54,Female,Bronze
U000068,Vihaan,Verma,vihaan.verma3204@gmail.com,2022-03-03,India,Delhi,838869,24,Other,Bronze
U000069,Zara,Gupta,zara.gupta9342@gmail.com,2021-05-25,India,Lucknow,120452,24,Other,Bronze
U000070,Mohammed,Yadav,mohammed.yadav180@gmail.com,2021-06-25,India,Lucknow,618244,41,Male,Bronze
U000071,Vihaan,Sharma,vihaan.sharma9274@gmail.com,2022-01-31,India,Nagpur,630696,27,Other,Silver
U000072,Diya,Chowdhury,diya.chowdhury8642@gmail.com,2020-06-03,India,Hyderabad,713093,52,Female,Bronze
U000073,Zara,Bose,zara.bose8258@gmail.com,2022-11-02,India,Chennai,208293,61,Male,Bronze
U000074,Myra,Nair,myra.nair809@gmail.com,2020-08-29,India,Bengaluru,408183,40,Female,Bronze
U000075,Aadhya,Nair,aadhya.nair5083@gmail.com,2022-08-09,United Kingdom,Manchester,69657,31,Male,Gold
U000076,Reyansh,Pandey,reyansh.pandey9601@gmail.com,2022-12-26,India,Ahmedabad,803606,44,Female,Bronze
U000077,Myra,Verma,myra.verma1482@gmail.com,2023-08-14,India,Chandigarh,585481,24,Other,Gold
U000078,Zara,Iyer,zara.iyer7487@gmail.com,2020-10-30,Germany,Hamburg,47719,46,Female,Gold
U000079,Kiara,Pillai,kiara.pillai1815@gmail.com,2022-02-28,India,Bengaluru,809767,39,Other,Bronze
U000080,Aarav,Patel,aarav.patel6342@gmail.com,2023-04-27,India,Indore,698572,23,Other,Silver
U000081,Ananya,Patel,ananya.patel2879@gmail.com,2022-04-25,India,Chennai,732071,28,Male,Silver
U000082,Diya,Patel,diya.patel3342@gmail.com,2024-08-31,India,Patna,508077,58,Female,Bronze
U000083,Saanvi,Yadav,saanvi.yadav7533@gmail.com,2020-08-05,India,Surat,562330,35,Male,Silver
U000084,Vihaan,Kapoor,vihaan.kapoor9263@gmail.com,2024-10-24,India,Hyderabad,429411,58,Female,Bronze
U000085,Ananya,Bose,ananya.bose2741@gmail.com,2021-05-05,India,Chennai,450422,29,Female,Gold
U000086,Aarav,Nair,aarav.nair9944@gmail.com,2024-10-18,India,Indore,669510,22,Male,Silver
U000087,Ananya,Verma,ananya.verma8815@gmail.com,2021-10-15,India,Kochi,159919,24,Other,Silver
U000088,Saanvi,Das,saanvi.das1923@gmail.com,2024-08-13,India,Bhopal,728498,24,Male,Bronze
U000089,Sai,Yadav,sai.yadav9151@gmail.com,2020-10-11,India,Surat,800727,31,Female,Silver
U000090,Aditya,Malhotra,aditya.malhotra5774@gmail.com,2020-02-08,India,Bhopal,225210,51,Male,Bronze
U000091,Aarav,Malhotra,aarav.malhotra554@gmail.com,2020-04-07,India,Mumbai,733245,38,Female,Gold
U000092,Aarav,Nair,aarav.nair5911@gmail.com,2021-12-20,India,Bengaluru,712325,56,Female,Silver
U000093,Myra,Sharma,myra.sharma3180@gmail.com,2024-05-17,India,Mumbai,662010,55,Other,Bronze
U000094,Vivaan,Iyer,vivaan.iyer8510@gmail.com,2020-11-27,India,Mumbai,479812,59,Other,Silver
U000095,Aarav,Chowdhury,aarav.chowdhury2367@gmail.com,2022-11-09,India,Chandigarh,591924,62,Other,Silver
U000096,Aditya,Das,aditya.das4162@gmail.com,2021-11-13,India,Patna,115306,61,Other,Bronze
U000097,Arjun,Kapoor,arjun.kapoor5237@gmail.com,2024-03-02,India,Delhi,179990,23,Other,Silver
U000098,Ira,Chowdhury,ira.chowdhury520@gmail.com,2020-06-30,United Kingdom,London,72043,57,Female,Silver
U000099,Saanvi,Kapoor,saanvi.kapoor8435@gmail.com,2024-11-24,United Arab Emirates,Abu Dhabi,31588,33,Female,Silver
U000100,Vihaan,Mehta,vihaan.mehta8019@gmail.com,2023-03-19,India,Bhopal,580864,46,Female,Gold
U000101,Ananya,Iyer,ananya.iyer7789@gmail.com,2022-09-06,India,Chandigarh,729541,33,Other,Bronze
U000102,Ananya,Nair,ananya.nair5142@gmail.com,2022-04-25,United Arab Emirates,Abu Dhabi,85032,54,Male,Silver
U000103,Vihaan,Patel,vihaan.patel3851@gmail.com,2021-05-01,India,Chandigarh,297349,20,Other,Gold
U000104,Aditya,Verma,aditya.verma1398@gmail.com,2022-01-31,India,Bengaluru,233840,46,Male,Silver
U000105,Reyansh,Pandey,reyansh.pandey2326@gmail.com,2021-10-31,India,Indore,488790,52,Male,Bronze
U000106,Reyansh,Pandey,reyansh.pandey3275@gmail.com,2023-06-06,India,Indore,247186,29,Other,Bronze
U000107,Kiara,Chowdhury,kiara.chowdhury2969@gmail.com,2024-08-01,Australia,Brisbane,70375,58,Other,Bronze
U000108,Sai,Pillai,sai.pillai4809@gmail.com,2022-09-05,India,Bhopal,455372,63,Female,Bronze
U000109,Kiara,Das,kiara.das8484@gmail.com,2024-01-09,India,Jaipur,261767,43,Male,Gold
U000110,Diya,Verma,diya.verma5327@gmail.com,2021-06-10,India,Lucknow,164350,26,Male,Bronze
U000111,Vivaan,Mehta,vivaan.mehta7348@gmail.com,2023-06-23,India,Surat,558083,41,Female,Silver
U000112,Ishaan,Sharma,ishaan.sharma8606@gmail.com,2023-01-27,India,Pune,824383,47,Other,Silver
U000113,Kiara,Mehta,kiara.mehta951@gmail.com,2020-06-03,India,Patna,545593,42,Male,Gold
U000114,Aditya,Khan,aditya.khan9358@gmail.com,2024-10-17,India,Coimbatore,829953,25,Other,Bronze
U000115,Diya,Patel,diya.patel8008@gmail.com,2023-11-30,India,Mumbai,443889,64,Male,Bronze
U000116,Aadhya,Iyer,aadhya.iyer7950@gmail.com,2021-04-07,Australia,Brisbane,18109,51,Female,Silver
U000117,Arjun,Yadav,arjun.yadav5900@gmail.com,2023-01-30,India,Bengaluru,500410,25,Male,Silver
U000118,Saanvi,Mishra,saanvi.mishra1713@gmail.com,2022-11-11,India,Mumbai,115890,40,Other,Silver
U000119,Ira,Malhotra,ira.malhotra4659@gmail.com,2023-10-27,India,Pune,655811,61,Female,Bronze
U000120,Aarav,Nair,aarav.nair7991@gmail.com,2022-12-31,India,Indore,286781,24,Other,Silver
U000121,Aditya,Das,aditya.das9311@gmail.com,2020-08-01,India,Surat,699466,51,Other,Silver
U000122,Reyansh,Verma,reyansh.verma877@gmail.com,2022-02-03,India,Jaipur,656608,61,Other,Silver
U000123,Myra,Iyer,myra.iyer7742@gmail.com,2021-09-01,India,Patna,657900,52,Female,Bronze
U000124,Navya,Das,navya.das8982@gmail.com,2021-05-09,India,Delhi,585873,55,Female,Silver
U000125,Vihaan,Malhotra,vihaan.malhotra3642@gmail.com,2020-10-14,India,Bengaluru,344762,63,Female,Silver
U000126,Diya,Iyer,diya.iyer1478@gmail.com,2022-03-11,United Kingdom,Birmingham,59950,52,Female,Silver
U000127,Zara,Patel,zara.patel3833@gmail.com,2022-10-07,India,Delhi,241999,62,Other,Silver
U000128,Diya,Pandey,diya.pandey9360@gmail.com,2022-05-25,India,Lucknow,569506,24,Male,Bronze
U000129,Ananya,Gupta,ananya.gupta3763@gmail.com,2023-08-04,Australia,Sydney,10440,57,Female,Gold
U000130,Riya,Mishra,riya.mishra9511@gmail.com,2024-04-02,India,Bhopal,313225,59,Male,Silver
U000131,Sai,Iyer,sai.iyer6370@gmail.com,2022-12-10,India,Jaipur,468629,19,Male,Bronze
U000132,Kiara,Verma,kiara.verma6860@gmail.com,2022-04-10,India,Coimbatore,181758,51,Female,Gold
U000133,Myra,Kapoor,myra.kapoor8253@gmail.com,2022-04-17,India,Ahmedabad,836232,32,Female,Bronze
U000134,Vihaan,Das,vihaan.das4423@gmail.com,2024-08-04,India,Kochi,496665,52,Male,Silver
U000135,Sai,Shetty,sai.shetty7812@gmail.com,2024-12-26,India,Jaipur,403194,20,Female,Bronze
U000136,Mohammed,Sharma,mohammed.sharma8791@gmail.com,2024-03-09,India,Chennai,693491,20,Male,Bronze
U000137,Ananya,Malhotra,ananya.malhotra1064@gmail.com,2023-05-01,United Arab Emirates,Dubai,12156,24,Female,Silver
U000138,Myra,Malhotra,myra.malhotra6500@gmail.com,2024-06-26,India,Ahmedabad,620546,58,Other,Silver
U000139,Navya,Singh,navya.singh290@gmail.com,2020-09-18,India,Coimbatore,449969,58,Female,Bronze
U000140,Riya,Nair,riya.nair7767@gmail.com,2024-07-21,India,Nagpur,120929,31,Female,Gold
U000141,Saanvi,Verma,saanvi.verma6562@gmail.com,2020-01-10,India,Chennai,114105,25,Other,Bronze
U000142,Vihaan,Gupta,vihaan.gupta517@gmail.com,2024-01-04,India,Chandigarh,845035,63,Female,Silver
U000143,Ira,Mishra,ira.mishra2386@gmail.com,2020-04-14,India,Hyderabad,293662,49,Male,Silver
U000144,Reyansh,Malhotra,reyansh.malhotra8009@gmail.com,2023-11-11,Australia,Brisbane,20820,57,Male,Bronze
U000145,Reyansh,Das,reyansh.das6980@gmail.com,2022-04-13,India,Indore,444912,27,Male,Bronze
U000146,Diya,Das,diya.das1138@gmail.com,2022-09-13,India,Ahmedabad,203692,53,Male,Bronze
U000147,Ishaan,Pillai,ishaan.pillai5482@gmail.com,2022-03-30,Australia,Brisbane,66700,25,Female,Silver
U000148,Ira,Yadav,ira.yadav8132@gmail.com,2020-01-29,India,Kolkata,660965,30,Female,Silver
U000149,Ananya,Bose,ananya.bose1000@gmail.com,2023-10-01,United Arab Emirates,Sharjah,73890,46,Female,Bronze
U000150,Reyansh,Chowdhury,reyansh.chowdhury5093@gmail.com,2020-01-09,India,Mumbai,150875,19,Other,Silver
U000151,Aadhya,Mishra,aadhya.mishra2191@gmail.com,2022-01-21,India,Indore,773109,26,Other,Gold
U000152,Vihaan,Mishra,vihaan.mishra3711@gmail.com,2021-11-18,India,Indore,178790,64,Other,Silver
U000153,Navya,Yadav,navya.yadav5919@gmail.com,2021-04-09,India,Delhi,453920,47,Male,Gold
U000154,Vivaan,Khan,vivaan.khan8726@gmail.com,2021-03-29,India,Mumbai,539309,62,Male,Silver
U000155,Saanvi,Nair,saanvi.nair5412@gmail.com,2022-09-09,India,Delhi,336006,50,Female,Silver
U000156,Navya,Singh,navya.singh2575@gmail.com,2020-10-15,United Kingdom,Manchester,68430,24,Other,Gold
U000157,Aditya,Iyer,aditya.iyer4616@gmail.com,2024-07-27,India,Pune,491264,40,Male,Silver
U000158,Arjun,Patel,arjun.patel1294@gmail.com,2024-09-27,India,Chandigarh,199413,31,Other,Gold
U000159,Krishna,Gupta,krishna.gupta934@gmail.com,2023-12-06,India,Bhopal,338528,46,Other,Silver
U000160,Myra,Patel,myra.patel4008@gmail.com,2020-10-07,India,Pune,585971,37,Female,Bronze
U000161,Vihaan,Bose,vihaan.bose8400@gmail.com,2023-01-04,India,Indore,273221,32,Male,Gold
U000162,Sai,Chowdhury,sai.chowdhury9203@gmail.com,2022-05-21,India,Surat,137044,40,Other,Silver
U000163,Aditya,Pandey,aditya.pandey1479@gmail.com,2021-10-03,India,Patna,279194,44,Male,Silver
U000164,Ananya,Kapoor,ananya.kapoor5896@gmail.com,2022-12-08,India,Bengaluru,636501,48,Male,Gold
U000165,Ira,Kapoor,ira.kapoor6166@gmail.com,2021-09-18,India,Ahmedabad,347160,43,Male,Silver
U000166,Sai,Pandey,sai.pandey1970@gmail.com,2022-08-19,India,Chandigarh,433563,34,Female,Bronze
U000167,Vivaan,Iyer,vivaan.iyer9616@gmail.com,2022-10-17,India,Chandigarh,494554,59,Other,Bronze
U000168,Arjun,Singh,arjun.singh1283@gmail.com,2023-09-01,India,Delhi,800792,42,Female,Bronze
U000169,Sai,Pillai,sai.pillai2688@gmail.com,2022-08-06,India,Mumbai,709902,57,Other,Bronze
U000170,Kiara,Singh,kiara.singh3839@gmail.com,2020-04-12,India,Mumbai,480606,21,Male,Silver
U000171,Navya,Malhotra,navya.malhotra8684@gmail.com,2020-05-21,India,Surat,741494,31,Male,Bronze
U000172,Saanvi,Verma,saanvi.verma5652@gmail.com,2023-08-28,India,Mumbai,360597,32,Male,Bronze
U000173,Vihaan,Shetty,vihaan.shetty666@gmail.com,2022-03-08,India,Bhopal,667019,56,Other,Gold
U000174,Riya,Chowdhury,riya.chowdhury7061@gmail.com,2023-07-19,India,Ahmedabad,752411,25,Male,Gold
U000175,Myra,Pandey,myra.pandey2394@gmail.com,2022-07-17,India,Patna,560630,35,Female,Gold
U000176,Krishna,Shetty,krishna.shetty5017@gmail.com,2022-04-01,United Kingdom,Manchester,96257,54,Male,Bronze
U000177,Vihaan,Verma,vihaan.verma4244@gmail.com,2020-09-20,India,Kochi,343221,51,Other,Bronze
U000178,Kiara,Mishra,kiara.mishra7530@gmail.com,2021-09-01,India,Pune,400881,18,Female,Bronze
U000179,Saanvi,Pillai,saanvi.pillai6749@gmail.com,2022-05-02,India,Lucknow,266793,25,Other,Silver
U000180,Sai,Yadav,sai.yadav7114@gmail.com,2024-08-08,India,Nagpur,234430,64,Male,Bronze
U000181,Krishna,Reddy,krishna.reddy9579@gmail.com,2024-01-04,India,Hyderabad,526977,64,Female,Silver
U000182,Aarav,Gupta,aarav.gupta6509@gmail.com,2024-03-20,India,Pune,216196,36,Female,Platinum
U000183,Mohammed,Reddy,mohammed.reddy3286@gmail.com,2020-03-16,India,Surat,170036,38,Female,Bronze
U000184,Zara,Khan,zara.khan4797@gmail.com,2021-07-13,India,Kolkata,461995,26,Male,Silver
U000185,Navya,Nair,navya.nair2441@gmail.com,2023-02-28,India,Kolkata,790327,28,Male,Bronze
U000186,Vihaan,Khan,vihaan.khan1926@gmail.com,2024-12-23,India,Surat,329044,45,Female,Gold
U000187,Myra,Mehta,myra.mehta7231@gmail.com,2021-05-06,India,Lucknow,479967,29,Male,Platinum
U000188,Ananya,Pandey,ananya.pandey8405@gmail.com,2022-10-13,India,Chennai,742691,48,Male,Bronze
U000189,Aarav,Das,aarav.das4068@gmail.com,2023-01-26,India,Jaipur,612652,20,Male,Silver
U000190,Aditya,Patel,aditya.patel7249@gmail.com,2024-05-28,India,Surat,384956,33,Female,Silver
U000191,Ananya,Iyer,ananya.iyer9313@gmail.com,2022-08-28,India,Nagpur,743359,54,Male,Gold
U000192,Aadhya,Patel,aadhya.patel6891@gmail.com,2022-02-26,India,Chandigarh,749011,60,Male,Bronze
U000193,Saanvi,Das,saanvi.das3050@gmail.com,2021-12-02,Germany,Munich,62840,34,Male,Bronze
U000194,Navya,Das,navya.das5829@gmail.com,2022-08-02,India,Chandigarh,484112,22,Female,Silver
U000195,Saanvi,Das,saanvi.das220@gmail.com,2023-02-23,Germany,Munich,45869,47,Female,Bronze
U000196,Aarav,Gupta,aarav.gupta3915@gmail.com,2021-08-01,India,Kochi,243129,27,Other,Silver
U000197,Ishaan,Mehta,ishaan.mehta2592@gmail.com,2023-06-16,United Arab Emirates,Sharjah,12234,39,Female,Bronze
U000198,Krishna,Sharma,krishna.sharma4202@gmail.com,2022-11-01,India,Kolkata,340651,18,Male,Bronze
U000199,Aarav,Verma,aarav.verma4155@gmail.com,2022-08-18,India,Ahmedabad,318516,47,Female,Bronze
U000200,Vivaan,Pillai,vivaan.pillai7134@gmail.com,2024-05-24,India,Lucknow,846354,40,Female,Gold
U000201,Sai,Sharma,sai.sharma9846@gmail.com,2022-07-30,Australia,Sydney,78528,51,Female,Bronze
U000202,Kiara,Iyer,kiara.iyer2847@gmail.com,2022-04-21,India,Mumbai,832408,58,Male,Silver
U000203,Navya,Verma,navya.verma742@gmail.com,2024-01-18,India,Coimbatore,195578,38,Female,Silver
U000204,Sai,Nair,sai.nair6496@gmail.com,2022-01-31,India,Jaipur,524827,63,Male,Bronze
U000205,Kiara,Das,kiara.das1073@gmail.com,2024-02-09,India,Nagpur,848433,52,Other,Bronze
U000206,Aditya,Chowdhury,aditya.chowdhury9702@gmail.com,2020-01-09,India,Mumbai,672487,23,Other,Silver
U000207,Myra,Verma,myra.verma2978@gmail.com,2024-10-25,India,Delhi,140710,41,Female,Bronze
U000208,Riya,Yadav,riya.yadav8749@gmail.com,2021-08-17,India,Bengaluru,849155,63,Other,Gold
U000209,Arjun,Mehta,arjun.mehta2419@gmail.com,2023-04-02,India,Surat,418682,21,Female,Bronze
U000210,Riya,Mishra,riya.mishra2219@gmail.com,2021-05-01,India,Kochi,526596,61,Other,Bronze
U000211,Arjun,Yadav,arjun.yadav4444@gmail.com,2020-04-10,India,Lucknow,726937,35,Other,Silver
U000212,Aarav,Reddy,aarav.reddy9530@gmail.com,2024-08-28,India,Chandigarh,146523,49,Male,Silver
U000213,Ira,Mehta,ira.mehta7626@gmail.com,2020-01-15,India,Nagpur,644943,58,Male,Bronze
U000214,Navya,Shetty,navya.shetty7398@gmail.com,2021-11-28,India,Coimbatore,664573,20,Female,Gold
U000215,Kiara,Khan,kiara.khan9077@gmail.com,2021-03-02,India,Patna,285901,58,Female,Bronze
U000216,Kiara,Shetty,kiara.shetty4437@gmail.com,2021-04-25,India,Nagpur,113375,49,Male,Silver
U000217,Krishna,Pillai,krishna.pillai5306@gmail.com,2023-07-02,India,Bengaluru,132205,60,Male,Bronze
U000218,Ishaan,Pillai,ishaan.pillai6105@gmail.com,2022-01-28,India,Nagpur,613709,58,Male,Bronze
U000219,Krishna,Mehta,krishna.mehta5241@gmail.com,2024-07-06,United Arab Emirates,Sharjah,41322,32,Female,Bronze
U000220,Ananya,Patel,ananya.patel7095@gmail.com,2020-07-28,India,Coimbatore,552740,30,Other,Silver
U000221,Arjun,Pandey,arjun.pandey5496@gmail.com,2023-05-26,India,Jaipur,774918,21,Other,Bronze
U000222,Vivaan,Chowdhury,vivaan.chowdhury6749@gmail.com,2022-02-15,India,Jaipur,366445,55,Other,Silver
U000223,Diya,Iyer,diya.iyer5335@gmail.com,2023-11-17,India,Bengaluru,859057,37,Other,Bronze
U000224,Myra,Bose,myra.bose5341@gmail.com,2020-12-07,India,Surat,212615,64,Female,Bronze
U000225,Myra,Shetty,myra.shetty8556@gmail.com,2020-04-20,India,Kolkata,635660,36,Other,Gold
U000226,Ishaan,Shetty,ishaan.shetty4958@gmail.com,2021-09-20,India,Bhopal,796474,24,Other,Silver
U000227,Diya,Yadav,diya.yadav1030@gmail.com,2021-10-03,India,Bengaluru,384033,27,Other,Silver
U000228,Sai,Mishra,sai.mishra5547@gmail.com,2024-10-25,India,Indore,123251,47,Male,Silver
U000229,Sai,Sharma,sai.sharma8806@gmail.com,2024-06-09,India,Chandigarh,367469,63,Female,Bronze
U000230,Krishna,Bose,krishna.bose9622@gmail.com,2024-11-26,India,Surat,673972,31,Female,Bronze
U000231,Ishaan,Verma,ishaan.verma3467@gmail.com,2022-10-20,India,Surat,782747,33,Female,Bronze
U000232,Myra,Gupta,myra.gupta8907@gmail.com,2024-12-02,India,Ahmedabad,791798,52,Female,Silver
U000233,Riya,Yadav,riya.yadav2156@gmail.com,2020-02-15,India,Indore,553058,32,Male,Silver
U000234,Aditya,Gupta,aditya.gupta8545@gmail.com,2020-11-20,India,Surat,291029,25,Male,Silver
U000235,Vivaan,Iyer,vivaan.iyer3470@gmail.com,2020-04-20,India,Pune,765735,44,Other,Silver
U000236,Kiara,Singh,kiara.singh2506@gmail.com,2023-03-05,India,Chennai,703980,38,Female,Silver
U000237,Ananya,Pandey,ananya.pandey8608@gmail.com,2022-12-12,United States,Houston,52862,49,Other,Bronze
U000238,Mohammed,Pandey,mohammed.pandey2557@gmail.com,2021-05-02,United States,New York,83316,55,Other,Platinum
U000239,Diya,Gupta,diya.gupta4702@gmail.com,2021-08-06,India,Chandigarh,248884,22,Male,Gold
U000240,Mohammed,Das,mohammed.das4271@gmail.com,2023-11-25,Germany,Hamburg,68762,42,Other,Bronze
U000241,Riya,Singh,riya.singh9345@gmail.com,2024-09-09,India,Kochi,434729,63,Female,Gold
U000242,Myra,Pillai,myra.pillai7392@gmail.com,2020-04-03,India,Ahmedabad,187252,29,Female,Bronze
U000243,Zara,Patel,zara.patel5721@gmail.com,2021-04-27,India,Ahmedabad,159147,42,Other,Gold
U000244,Kiara,Iyer,kiara.iyer7900@gmail.com,2024-04-05,India,Patna,344427,23,Other,Platinum
U000245,Diya,Nair,diya.nair6355@gmail.com,2024-06-28,India,Kochi,398378,50,Male,Bronze
U000246,Vihaan,Pandey,vihaan.pandey4492@gmail.com,2022-06-15,India,Patna,265265,36,Other,Bronze
U000247,Mohammed,Verma,mohammed.verma2306@gmail.com,2021-06-13,India,Surat,422457,23,Other,Bronze
U000248,Sai,Gupta,sai.gupta4147@gmail.com,2020-07-21,India,Bhopal,757073,41,Other,Silver
U000249,Kiara,Singh,kiara.singh2748@gmail.com,2022-01-19,India,Delhi,477126,38,Other,Bronze
U000250,Vihaan,Pillai,vihaan.pillai5511@gmail.com,2022-08-25,India,Hyderabad,695435,30,Other,Bronze
U000251,Ishaan,Nair,ishaan.nair2290@gmail.com,2024-07-28,India,Patna,351867,40,Male,Bronze
U000252,Myra,Das,myra.das8632@gmail.com,2023-09-21,India,Indore,622443,33,Other,Bronze
U000253,Navya,Shetty,navya.shetty2469@gmail.com,2022-06-22,India,Hyderabad,807788,39,Female,Bronze
U000254,Reyansh,Nair,reyansh.nair8638@gmail.com,2023-01-07,India,Chennai,643668,20,Male,Gold
U000255,Kiara,Iyer,kiara.iyer3190@gmail.com,2020-06-13,United Arab Emirates,Sharjah,22438,18,Male,Silver
U000256,Aadhya,Yadav,aadhya.yadav9328@gmail.com,2020-10-07,India,Kolkata,251241,23,Other,Bronze
U000257,Krishna,Shetty,krishna.shetty7062@gmail.com,2020-06-11,India,Patna,575111,44,Other,Bronze
U000258,Myra,Khan,myra.khan2307@gmail.com,2022-06-21,India,Lucknow,552646,18,Female,Bronze
U000259,Riya,Pillai,riya.pillai2807@gmail.com,2022-04-16,India,Hyderabad,750027,25,Female,Gold
U000260,Vivaan,Chowdhury,vivaan.chowdhury8966@gmail.com,2021-06-15,United States,San Francisco,79563,29,Female,Silver
U000261,Ishaan,Sharma,ishaan.sharma2485@gmail.com,2024-11-04,India,Chennai,799095,46,Other,Gold
U000262,Ananya,Gupta,ananya.gupta9093@gmail.com,2023-09-03,India,Ahmedabad,848487,56,Female,Silver
U000263,Aadhya,Kapoor,aadhya.kapoor1485@gmail.com,2020-07-25,India,Mumbai,348799,46,Male,Bronze
U000264,Ira,Sharma,ira.sharma2964@gmail.com,2023-03-07,India,Kolkata,272266,32,Male,Silver
U000265,Ira,Sharma,ira.sharma8232@gmail.com,2023-09-06,India,Bengaluru,168581,34,Other,Gold
U000266,Myra,Pandey,myra.pandey3833@gmail.com,2023-04-19,India,Kolkata,124275,52,Other,Silver
U000267,Aditya,Pandey,aditya.pandey8451@gmail.com,2024-02-18,India,Coimbatore,641068,32,Female,Silver
U000268,Aadhya,Mehta,aadhya.mehta1242@gmail.com,2021-03-07,India,Chandigarh,777514,23,Other,Silver
U000269,Krishna,Pillai,krishna.pillai7763@gmail.com,2020-04-20,India,Bengaluru,217788,26,Female,Gold
U000270,Saanvi,Gupta,saanvi.gupta7943@gmail.com,2021-04-29,United Kingdom,London,55655,18,Other,Bronze
U000271,Reyansh,Gupta,reyansh.gupta9240@gmail.com,2022-11-21,Germany,Munich,11492,45,Female,Silver
U000272,Arjun,Shetty,arjun.shetty3881@gmail.com,2020-06-15,Australia,Melbourne,21421,59,Male,Bronze
U000273,Diya,Sharma,diya.sharma4150@gmail.com,2020-11-29,India,Delhi,512150,30,Male,Bronze
U000274,Diya,Pillai,diya.pillai7215@gmail.com,2020-08-29,India,Lucknow,147889,31,Other,Silver
U000275,Aadhya,Shetty,aadhya.shetty3435@gmail.com,2020-12-12,India,Kochi,607715,18,Male,Bronze
U000276,Myra,Mishra,myra.mishra520@gmail.com,2024-03-28,India,Pune,556785,59,Other,Silver
U000277,Ira,Shetty,ira.shetty8389@gmail.com,2020-12-04,India,Coimbatore,300248,44,Female,Platinum
U000278,Krishna,Singh,krishna.singh5252@gmail.com,2022-08-31,India,Kolkata,407124,52,Other,Bronze
U000279,Reyansh,Gupta,reyansh.gupta7630@gmail.com,2023-08-04,India,Nagpur,535203,64,Male,Platinum
U000280,Aadhya,Gupta,aadhya.gupta1498@gmail.com,2024-09-18,India,Kolkata,424454,18,Male,Silver
U000281,Myra,Pandey,myra.pandey352@gmail.com,2022-02-20,India,Kolkata,707021,37,Male,Silver
U000282,Aditya,Nair,aditya.nair9393@gmail.com,2023-04-16,United Kingdom,Birmingham,18466,36,Male,Bronze
U000283,Diya,Bose,diya.bose1600@gmail.com,2021-10-19,India,Pune,621936,63,Female,Silver
U000284,Vivaan,Gupta,vivaan.gupta2654@gmail.com,2024-08-07,India,Chennai,243831,58,Female,Silver
U000285,Saanvi,Mehta,saanvi.mehta9834@gmail.com,2021-09-18,India,Mumbai,794437,40,Other,Bronze
U000286,Navya,Kapoor,navya.kapoor8799@gmail.com,2023-03-26,United Arab Emirates,Sharjah,76013,35,Female,Silver
U000287,Ira,Reddy,ira.reddy4130@gmail.com,2023-04-07,India,Delhi,497764,52,Other,Silver
U000288,Arjun,Patel,arjun.patel5339@gmail.com,2022-03-22,India,Lucknow,697220,22,Other,Silver
U000289,Vivaan,Shetty,vivaan.shetty7786@gmail.com,2024-04-22,Germany,Berlin,91356,55,Female,Gold
U000290,Aditya,Singh,aditya.singh5028@gmail.com,2022-02-26,India,Chennai,184896,52,Other,Bronze
U000291,Sai,Mehta,sai.mehta4558@gmail.com,2024-12-10,United Kingdom,London,12082,35,Male,Gold
U000292,Reyansh,Verma,reyansh.verma8049@gmail.com,2023-02-22,Australia,Brisbane,74737,36,Other,Silver
U000293,Kiara,Singh,kiara.singh6266@gmail.com,2022-11-09,India,Kochi,349349,45,Female,Bronze
U000294,Myra,Iyer,myra.iyer3846@gmail.com,2022-11-17,India,Bhopal,416854,61,Other,Silver
U000295,Ishaan,Mishra,ishaan.mishra5042@gmail.com,2021-09-09,India,Ahmedabad,460730,35,Other,Bronze
U000296,Ishaan,Verma,ishaan.verma3627@gmail.com,2021-08-30,India,Bengaluru,405580,25,Other,Bronze
U000297,Reyansh,Khan,reyansh.khan3078@gmail.com,2020-02-13,India,Bengaluru,623421,62,Other,Bronze
U000298,Diya,Pandey,diya.pandey7272@gmail.com,2022-05-13,India,Nagpur,292697,53,Male,Silver
U000299,Ishaan,Singh,ishaan.singh5841@gmail.com,2022-05-23,India,Bhopal,770777,27,Other,Gold
U000300,Krishna,Kapoor,krishna.kapoor9755@gmail.com,2020-04-14,India,Hyderabad,249324,40,Other,Silver
U000301,Saanvi,Mishra,saanvi.mishra4547@gmail.com,2020-01-16,India,Kolkata,304579,40,Male,Gold
U000302,Aarav,Pillai,aarav.pillai899@gmail.com,2023-05-15,India,Chandigarh,829499,41,Female,Bronze
U000303,Aarav,Malhotra,aarav.malhotra8835@gmail.com,2020-09-04,India,Pune,193019,31,Female,Silver
U000304,Riya,Yadav,riya.yadav3127@gmail.com,2023-11-12,Australia,Sydney,78831,60,Female,Silver
U000305,Vivaan,Shetty,vivaan.shetty1053@gmail.com,2021-10-10,United Kingdom,Manchester,98610,62,Other,Bronze
U000306,Riya,Mishra,riya.mishra5885@gmail.com,2024-09-15,India,Indore,163866,32,Male,Silver
U000307,Mohammed,Verma,mohammed.verma2224@gmail.com,2024-01-31,India,Coimbatore,524673,57,Female,Bronze
U000308,Arjun,Patel,arjun.patel7429@gmail.com,2022-08-09,India,Hyderabad,572567,25,Male,Silver
U000309,Kiara,Patel,kiara.patel818@gmail.com,2020-07-13,India,Kochi,299941,58,Male,Gold
U000310,Reyansh,Yadav,reyansh.yadav3750@gmail.com,2023-09-13,India,Ahmedabad,548170,31,Female,Bronze
U000311,Vihaan,Yadav,vihaan.yadav8478@gmail.com,2020-07-21,India,Surat,388439,53,Male,Bronze
U000312,Navya,Pandey,navya.pandey302@gmail.com,2023-01-07,India,Hyderabad,689264,62,Female,Silver
U000313,Mohammed,Khan,mohammed.khan4084@gmail.com,2023-08-20,United Arab Emirates,Abu Dhabi,20858,22,Female,Bronze
U000314,Navya,Yadav,navya.yadav3849@gmail.com,2023-02-02,India,Jaipur,308404,26,Male,Bronze
U000315,Zara,Singh,zara.singh6506@gmail.com,2020-12-04,India,Kolkata,420175,29,Male,Gold
U000316,Krishna,Pillai,krishna.pillai8789@gmail.com,2022-11-15,United Arab Emirates,Sharjah,73921,59,Female,Gold
U000317,Mohammed,Reddy,mohammed.reddy7470@gmail.com,2023-08-08,India,Surat,364491,29,Other,Silver
U000318,Reyansh,Shetty,reyansh.shetty3331@gmail.com,2020-03-07,India,Mumbai,293597,62,Female,Silver
U000319,Kiara,Bose,kiara.bose744@gmail.com,2021-08-22,India,Jaipur,775991,42,Other,Silver
U000320,Mohammed,Bose,mohammed.bose2822@gmail.com,2021-12-19,India,Coimbatore,477955,43,Other,Silver
U000321,Aadhya,Malhotra,aadhya.malhotra8253@gmail.com,2021-10-19,India,Patna,435922,23,Female,Bronze
U000322,Kiara,Khan,kiara.khan1825@gmail.com,2024-03-04,India,Patna,824187,62,Male,Bronze
U000323,Aditya,Reddy,aditya.reddy1467@gmail.com,2024-10-19,India,Kochi,232682,27,Male,Bronze
U000324,Saanvi,Chowdhury,saanvi.chowdhury1644@gmail.com,2021-11-25,India,Coimbatore,299888,23,Male,Gold
U000325,Ananya,Sharma,ananya.sharma1571@gmail.com,2024-07-30,India,Jaipur,797636,46,Other,Bronze
U000326,Reyansh,Reddy,reyansh.reddy718@gmail.com,2022-08-23,India,Coimbatore,458760,42,Male,Bronze
U000327,Arjun,Yadav,arjun.yadav6604@gmail.com,2020-09-17,United Kingdom,Manchester,26851,56,Female,Bronze
U000328,Reyansh,Khan,reyansh.khan8168@gmail.com,2024-03-13,India,Patna,666210,25,Female,Silver
U000329,Aarav,Mehta,aarav.mehta8286@gmail.com,2022-10-18,India,Hyderabad,800499,20,Male,Silver
U000330,Riya,Kapoor,riya.kapoor9317@gmail.com,2023-04-16,India,Jaipur,366802,47,Male,Bronze
U000331,Arjun,Malhotra,arjun.malhotra541@gmail.com,2024-02-20,India,Chandigarh,673128,27,Female,Silver
U000332,Vivaan,Nair,vivaan.nair2106@gmail.com,2021-06-08,India,Surat,802837,48,Male,Silver
U000333,Zara,Khan,zara.khan7539@gmail.com,2021-05-27,Germany,Hamburg,10207,31,Male,Bronze
U000334,Kiara,Iyer,kiara.iyer8780@gmail.com,2023-12-28,India,Kochi,156547,24,Other,Gold
U000335,Myra,Bose,myra.bose4340@gmail.com,2022-06-26,India,Jaipur,224245,36,Female,Bronze
U000336,Saanvi,Mehta,saanvi.mehta1532@gmail.com,2022-01-26,India,Mumbai,801389,52,Male,Bronze
U000337,Reyansh,Gupta,reyansh.gupta7195@gmail.com,2023-04-17,India,Chandigarh,455824,46,Female,Silver
U000338,Navya,Mishra,navya.mishra729@gmail.com,2022-08-18,United Kingdom,Manchester,52550,34,Female,Bronze
U000339,Ishaan,Iyer,ishaan.iyer5557@gmail.com,2024-12-06,India,Hyderabad,242926,57,Other,Gold
U000340,Ira,Yadav,ira.yadav5836@gmail.com,2021-06-13,India,Delhi,140190,59,Female,Platinum
U000341,Aditya,Singh,aditya.singh7463@gmail.com,2022-04-07,Australia,Brisbane,77464,42,Female,Bronze
U000342,Vivaan,Singh,vivaan.singh7509@gmail.com,2021-10-21,India,Mumbai,604996,62,Other,Bronze
U000343,Ananya,Malhotra,ananya.malhotra7144@gmail.com,2021-12-21,India,Lucknow,384751,36,Other,Silver
U000344,Aadhya,Reddy,aadhya.reddy8942@gmail.com,2022-12-13,India,Jaipur,531364,41,Male,Bronze
U000345,Myra,Singh,myra.singh7250@gmail.com,2020-12-12,India,Surat,790314,48,Other,Silver
U000346,Vivaan,Bose,vivaan.bose4027@gmail.com,2022-04-28,India,Delhi,366771,38,Female,Bronze
U000347,Reyansh,Iyer,reyansh.iyer2585@gmail.com,2021-08-16,India,Coimbatore,204355,49,Other,Bronze
U000348,Zara,Mishra,zara.mishra1313@gmail.com,2021-07-11,India,Mumbai,601638,18,Male,Silver
U000349,Reyansh,Iyer,reyansh.iyer8872@gmail.com,2020-10-23,India,Lucknow,354910,54,Male,Platinum
U000350,Myra,Shetty,myra.shetty9396@gmail.com,2024-07-26,India,Chandigarh,755472,49,Other,Silver
U000351,Vivaan,Kapoor,vivaan.kapoor1722@gmail.com,2023-10-31,India,Patna,207022,24,Female,Bronze
U000352,Sai,Patel,sai.patel2805@gmail.com,2024-07-28,India,Surat,322640,60,Female,Bronze
U000353,Sai,Das,sai.das7415@gmail.com,2022-09-24,India,Kolkata,261891,50,Other,Bronze
U000354,Sai,Khan,sai.khan7690@gmail.com,2023-09-24,India,Pune,824691,29,Female,Silver
U000355,Mohammed,Khan,mohammed.khan3077@gmail.com,2023-08-04,India,Bhopal,579108,63,Female,Platinum
U000356,Vihaan,Iyer,vihaan.iyer5194@gmail.com,2022-09-21,India,Indore,409757,19,Female,Silver
U000357,Ira,Das,ira.das5392@gmail.com,2024-10-24,Germany,Berlin,46005,46,Male,Silver
U000358,Navya,Pillai,navya.pillai3625@gmail.com,2024-03-28,United Kingdom,Manchester,49954,58,Female,Bronze
U000359,Krishna,Mehta,krishna.mehta3281@gmail.com,2023-07-11,India,Pune,351661,41,Female,Silver
U000360,Aarav,Kapoor,aarav.kapoor4427@gmail.com,2024-01-18,India,Surat,584151,29,Other,Bronze
U000361,Aditya,Mishra,aditya.mishra4028@gmail.com,2021-07-31,Germany,Berlin,92139,57,Other,Bronze
U000362,Saanvi,Bose,saanvi.bose9360@gmail.com,2024-12-26,India,Bhopal,843653,53,Other,Gold
U000363,Myra,Chowdhury,myra.chowdhury2332@gmail.com,2023-02-18,India,Chandigarh,681942,39,Other,Bronze
U000364,Vihaan,Nair,vihaan.nair6997@gmail.com,2023-03-03,India,Chandigarh,290169,31,Female,Bronze
U000365,Saanvi,Nair,saanvi.nair3054@gmail.com,2021-10-24,India,Indore,303356,37,Other,Silver
U000366,Mohammed,Das,mohammed.das2864@gmail.com,2021-06-15,India,Patna,274142,58,Female,Silver
U000367,Saanvi,Reddy,saanvi.reddy5709@gmail.com,2020-03-12,India,Pune,235774,33,Other,Gold
U000368,Aditya,Gupta,aditya.gupta4544@gmail.com,2021-03-04,India,Pune,708133,24,Female,Bronze
U000369,Aditya,Shetty,aditya.shetty6998@gmail.com,2020-07-29,India,Kochi,690751,36,Female,Silver
U000370,Aditya,Pillai,aditya.pillai4506@gmail.com,2024-09-24,India,Hyderabad,858957,25,Male,Bronze
U000371,Krishna,Gupta,krishna.gupta264@gmail.com,2024-05-22,India,Patna,427100,61,Female,Silver
U000372,Navya,Kapoor,navya.kapoor2896@gmail.com,2024-09-10,India,Kochi,845615,24,Male,Bronze
U000373,Vihaan,Malhotra,vihaan.malhotra5885@gmail.com,2022-05-19,India,Kolkata,703053,59,Male,Gold
U000374,Riya,Kapoor,riya.kapoor2236@gmail.com,2023-07-22,India,Chennai,607589,57,Other,Gold
U000375,Navya,Mehta,navya.mehta5756@gmail.com,2022-07-14,India,Nagpur,242267,43,Female,Gold
U000376,Zara,Khan,zara.khan2437@gmail.com,2023-12-26,India,Indore,485574,48,Other,Bronze
U000377,Krishna,Sharma,krishna.sharma13@gmail.com,2020-02-28,Australia,Sydney,99282,42,Female,Silver
U000378,Kiara,Patel,kiara.patel1060@gmail.com,2020-08-04,India,Patna,181399,63,Male,Bronze
U000379,Aditya,Pillai,aditya.pillai3204@gmail.com,2020-11-20,India,Ahmedabad,348744,37,Female,Silver
U000380,Aadhya,Nair,aadhya.nair2100@gmail.com,2023-10-26,India,Bhopal,148564,34,Other,Bronze
U000381,Navya,Patel,navya.patel3237@gmail.com,2024-07-13,India,Mumbai,700597,56,Male,Gold
U000382,Vihaan,Reddy,vihaan.reddy9363@gmail.com,2021-03-05,India,Patna,422499,53,Female,Gold
U000383,Aadhya,Khan,aadhya.khan7144@gmail.com,2021-02-09,India,Coimbatore,711042,59,Male,Silver
U000384,Myra,Pandey,myra.pandey2674@gmail.com,2024-07-31,United Kingdom,Manchester,22951,22,Male,Bronze
U000385,Myra,Nair,myra.nair3259@gmail.com,2021-05-27,India,Ahmedabad,225144,21,Male,Gold
U000386,Ananya,Verma,ananya.verma5100@gmail.com,2020-06-07,India,Ahmedabad,149605,38,Other,Silver
U000387,Vihaan,Bose,vihaan.bose8506@gmail.com,2021-09-09,India,Bhopal,690967,48,Male,Silver
U000388,Reyansh,Yadav,reyansh.yadav7466@gmail.com,2020-02-18,India,Bengaluru,727345,24,Female,Silver
U000389,Aditya,Pandey,aditya.pandey652@gmail.com,2022-10-07,India,Ahmedabad,755600,43,Female,Silver
U000390,Ananya,Singh,ananya.singh4548@gmail.com,2022-02-12,India,Nagpur,724399,36,Other,Bronze
U000391,Saanvi,Reddy,saanvi.reddy5455@gmail.com,2021-08-20,India,Bengaluru,663348,53,Male,Platinum
U000392,Aadhya,Das,aadhya.das2015@gmail.com,2023-07-29,India,Kochi,488133,39,Male,Bronze
U000393,Mohammed,Nair,mohammed.nair3092@gmail.com,2023-02-16,India,Patna,385928,27,Female,Bronze
U000394,Sai,Verma,sai.verma6486@gmail.com,2023-10-20,India,Nagpur,673618,22,Female,Gold
U000395,Ira,Chowdhury,ira.chowdhury3372@gmail.com,2020-03-21,India,Chandigarh,242218,56,Other,Silver
U000396,Ananya,Mehta,ananya.mehta612@gmail.com,2024-04-08,Germany,Hamburg,45865,24,Female,Silver
U000397,Navya,Shetty,navya.shetty9876@gmail.com,2024-08-03,India,Patna,600154,36,Female,Bronze
U000398,Aadhya,Gupta,aadhya.gupta1837@gmail.com,2024-10-12,Germany,Berlin,88756,59,Male,Gold
U000399,Aditya,Sharma,aditya.sharma4544@gmail.com,2022-05-14,India,Lucknow,254225,48,Other,Bronze
U000400,Aditya,Verma,aditya.verma9464@gmail.com,2020-01-12,India,Hyderabad,326812,44,Male,Gold
U000401,Myra,Malhotra,myra.malhotra7458@gmail.com,2021-11-08,India,Mumbai,523181,51,Male,Bronze
U000402,Mohammed,Khan,mohammed.khan4641@gmail.com,2024-08-27,India,Surat,129933,46,Other,Silver
U000403,Mohammed,Mishra,mohammed.mishra3720@gmail.com,2021-06-10,India,Surat,474644,37,Other,Bronze
U000404,Saanvi,Sharma,saanvi.sharma2586@gmail.com,2021-09-28,India,Surat,678432,44,Male,Silver
U000405,Riya,Yadav,riya.yadav1578@gmail.com,2020-08-29,India,Pune,399027,42,Male,Silver
U000406,Zara,Reddy,zara.reddy1625@gmail.com,2023-03-14,India,Kochi,346062,49,Other,Bronze
U000407,Riya,Mehta,riya.mehta8442@gmail.com,2021-01-22,India,Ahmedabad,159559,46,Female,Bronze
U000408,Diya,Das,diya.das8944@gmail.com,2020-11-10,India,Indore,693622,57,Male,Bronze
U000409,Diya,Kapoor,diya.kapoor8901@gmail.com,2022-05-19,India,Hyderabad,732527,57,Male,Bronze
U000410,Sai,Khan,sai.khan9354@gmail.com,2021-01-28,India,Hyderabad,365039,40,Male,Bronze
U000411,Diya,Mehta,diya.mehta5857@gmail.com,2023-05-26,India,Kolkata,335873,19,Male,Bronze
U000412,Vivaan,Chowdhury,vivaan.chowdhury2141@gmail.com,2021-01-13,India,Kolkata,421059,22,Female,Bronze
U000413,Vihaan,Mishra,vihaan.mishra4227@gmail.com,2020-09-03,India,Hyderabad,168345,48,Other,Silver
U000414,Mohammed,Singh,mohammed.singh8602@gmail.com,2021-10-21,India,Coimbatore,367861,29,Male,Bronze
U000415,Zara,Reddy,zara.reddy553@gmail.com,2021-04-28,India,Mumbai,366693,61,Female,Silver
U000416,Vivaan,Verma,vivaan.verma6104@gmail.com,2024-06-11,India,Jaipur,710842,19,Male,Bronze
U000417,Ishaan,Sharma,ishaan.sharma9295@gmail.com,2020-07-15,India,Kochi,674867,20,Male,Bronze
U000418,Ishaan,Mishra,ishaan.mishra1154@gmail.com,2020-08-10,India,Indore,415493,27,Male,Silver
U000419,Navya,Malhotra,navya.malhotra8523@gmail.com,2024-02-06,India,Chennai,187560,50,Other,Gold
U000420,Aadhya,Iyer,aadhya.iyer5260@gmail.com,2020-03-21,United Kingdom,Manchester,49834,27,Female,Bronze
U000421,Aadhya,Sharma,aadhya.sharma4012@gmail.com,2024-09-29,India,Patna,461302,22,Other,Bronze
U000422,Vivaan,Shetty,vivaan.shetty5768@gmail.com,2020-11-07,India,Delhi,803706,55,Female,Gold
U000423,Zara,Pandey,zara.pandey9785@gmail.com,2022-06-20,India,Bhopal,508131,31,Other,Bronze
U000424,Ira,Iyer,ira.iyer9707@gmail.com,2021-12-27,India,Coimbatore,713969,55,Male,Bronze
U000425,Vivaan,Verma,vivaan.verma5847@gmail.com,2021-08-09,India,Nagpur,600943,28,Female,Silver
U000426,Ira,Nair,ira.nair1932@gmail.com,2024-05-01,India,Coimbatore,708894,19,Male,Silver
U000427,Reyansh,Das,reyansh.das5893@gmail.com,2022-01-16,India,Chandigarh,610035,38,Male,Silver
U000428,Sai,Pandey,sai.pandey4315@gmail.com,2024-08-20,India,Indore,394285,55,Other,Silver
U000429,Navya,Mehta,navya.mehta9326@gmail.com,2021-08-24,India,Chennai,689706,30,Male,Gold
U000430,Ishaan,Nair,ishaan.nair4510@gmail.com,2022-04-23,India,Surat,397769,31,Other,Gold
U000431,Krishna,Kapoor,krishna.kapoor6587@gmail.com,2021-08-08,India,Jaipur,387363,63,Female,Bronze
U000432,Reyansh,Mehta,reyansh.mehta3457@gmail.com,2020-06-21,India,Kolkata,509108,32,Male,Silver
U000433,Aarav,Das,aarav.das1661@gmail.com,2021-12-11,India,Bengaluru,836360,58,Male,Platinum
U000434,Ira,Das,ira.das2145@gmail.com,2023-10-12,India,Bhopal,678629,43,Female,Platinum
U000435,Aadhya,Shetty,aadhya.shetty2574@gmail.com,2024-08-21,India,Lucknow,837994,26,Other,Bronze
U000436,Ananya,Verma,ananya.verma5973@gmail.com,2020-04-06,India,Coimbatore,854251,48,Male,Platinum
U000437,Sai,Mehta,sai.mehta9454@gmail.com,2024-08-14,India,Hyderabad,187941,61,Male,Silver
U000438,Kiara,Gupta,kiara.gupta5789@gmail.com,2020-03-11,India,Chennai,572457,61,Other,Gold
U000439,Sai,Das,sai.das6803@gmail.com,2020-02-18,India,Indore,172447,33,Female,Gold
U000440,Riya,Yadav,riya.yadav7434@gmail.com,2022-06-25,United Kingdom,Birmingham,31553,27,Other,Silver
U000441,Vivaan,Das,vivaan.das4657@gmail.com,2023-12-08,India,Patna,535858,62,Female,Bronze
U000442,Mohammed,Pandey,mohammed.pandey3307@gmail.com,2021-11-12,United States,Chicago,98953,57,Female,Bronze
U000443,Myra,Nair,myra.nair5650@gmail.com,2020-10-20,India,Chennai,614038,38,Female,Bronze
U000444,Krishna,Kapoor,krishna.kapoor7748@gmail.com,2022-09-07,India,Mumbai,271143,29,Male,Silver
U000445,Aditya,Reddy,aditya.reddy9653@gmail.com,2024-04-12,Australia,Brisbane,81267,58,Male,Silver
U000446,Aditya,Yadav,aditya.yadav1876@gmail.com,2024-05-23,India,Lucknow,831617,45,Other,Bronze
U000447,Reyansh,Patel,reyansh.patel3744@gmail.com,2024-01-21,India,Delhi,402282,41,Female,Bronze
U000448,Krishna,Reddy,krishna.reddy4817@gmail.com,2024-11-29,India,Hyderabad,588556,52,Female,Silver
U000449,Zara,Khan,zara.khan6071@gmail.com,2021-11-06,India,Ahmedabad,811211,24,Male,Silver
U000450,Vihaan,Reddy,vihaan.reddy4176@gmail.com,2023-12-23,India,Mumbai,770906,28,Female,Silver
U000451,Riya,Mishra,riya.mishra8376@gmail.com,2021-07-09,India,Bengaluru,639576,52,Male,Silver
U000452,Diya,Verma,diya.verma8742@gmail.com,2022-08-08,India,Chennai,815001,41,Male,Bronze
U000453,Navya,Khan,navya.khan4636@gmail.com,2020-10-25,India,Chennai,544809,47,Female,Bronze
U000454,Aditya,Pillai,aditya.pillai6682@gmail.com,2023-02-04,India,Kochi,702880,24,Female,Silver
U000455,Krishna,Pillai,krishna.pillai401@gmail.com,2022-08-12,India,Lucknow,830788,61,Male,Silver
U000456,Krishna,Sharma,krishna.sharma2143@gmail.com,2020-12-10,India,Hyderabad,540671,41,Female,Silver
U000457,Vihaan,Mehta,vihaan.mehta3441@gmail.com,2024-09-26,India,Nagpur,494038,27,Other,Silver
U000458,Aadhya,Sharma,aadhya.sharma4050@gmail.com,2024-11-15,India,Nagpur,421176,29,Male,Gold
U000459,Zara,Kapoor,zara.kapoor808@gmail.com,2024-05-11,India,Kolkata,853055,59,Male,Silver
U000460,Navya,Yadav,navya.yadav6342@gmail.com,2022-02-26,India,Lucknow,210308,35,Female,Bronze
U000461,Kiara,Singh,kiara.singh359@gmail.com,2024-12-20,India,Patna,387007,40,Female,Bronze
U000462,Saanvi,Chowdhury,saanvi.chowdhury9586@gmail.com,2023-07-13,India,Jaipur,262583,43,Female,Bronze
U000463,Sai,Patel,sai.patel3018@gmail.com,2020-03-23,United States,Houston,44983,32,Male,Silver
U000464,Aditya,Shetty,aditya.shetty9357@gmail.com,2020-08-02,India,Pune,793705,31,Male,Bronze
U000465,Saanvi,Reddy,saanvi.reddy599@gmail.com,2020-10-11,India,Indore,812710,51,Male,Gold
U000466,Riya,Sharma,riya.sharma5348@gmail.com,2022-11-02,United Kingdom,London,88410,51,Female,Gold
U000467,Diya,Iyer,diya.iyer3972@gmail.com,2020-04-25,India,Jaipur,851881,26,Male,Gold
U000468,Krishna,Nair,krishna.nair9686@gmail.com,2020-12-11,India,Chandigarh,703456,42,Male,Silver
U000469,Sai,Das,sai.das2860@gmail.com,2020-06-21,United States,Chicago,27990,49,Other,Bronze
U000470,Kiara,Bose,kiara.bose8672@gmail.com,2024-02-25,India,Bengaluru,515593,23,Male,Silver
U000471,Ira,Khan,ira.khan9758@gmail.com,2024-09-19,India,Hyderabad,381471,47,Male,Bronze
U000472,Arjun,Nair,arjun.nair1270@gmail.com,2022-09-23,India,Kolkata,335150,36,Female,Silver
U000473,Ira,Patel,ira.patel5434@gmail.com,2024-11-10,United Arab Emirates,Dubai,29398,38,Male,Bronze
U000474,Myra,Nair,myra.nair7047@gmail.com,2022-04-13,India,Indore,452492,58,Male,Silver
U000475,Ira,Singh,ira.singh3863@gmail.com,2021-12-16,India,Bhopal,256162,23,Other,Silver
U000476,Vihaan,Das,vihaan.das898@gmail.com,2023-11-25,India,Jaipur,536153,52,Female,Bronze
U000477,Saanvi,Mishra,saanvi.mishra4460@gmail.com,2023-01-23,United Arab Emirates,Sharjah,85163,22,Male,Gold
U000478,Aditya,Malhotra,aditya.malhotra352@gmail.com,2021-01-11,India,Chennai,755267,31,Male,Bronze
U000479,Krishna,Reddy,krishna.reddy9756@gmail.com,2022-07-31,India,Bengaluru,397657,49,Other,Bronze
U000480,Sai,Sharma,sai.sharma9360@gmail.com,2021-03-07,Australia,Sydney,13658,44,Other,Gold
U000481,Navya,Pillai,navya.pillai492@gmail.com,2020-04-25,India,Chandigarh,809689,24,Male,Gold
U000482,Aadhya,Verma,aadhya.verma1951@gmail.com,2024-07-25,India,Surat,383260,30,Male,Bronze
U000483,Reyansh,Singh,reyansh.singh5372@gmail.com,2021-01-03,India,Ahmedabad,707287,41,Female,Bronze
U000484,Vihaan,Reddy,vihaan.reddy8005@gmail.com,2024-04-27,India,Nagpur,598918,47,Other,Silver
U000485,Aarav,Malhotra,aarav.malhotra9487@gmail.com,2020-06-14,India,Bhopal,194136,40,Male,Bronze
U000486,Arjun,Shetty,arjun.shetty2259@gmail.com,2024-09-23,India,Hyderabad,575692,57,Female,Bronze
U000487,Aditya,Iyer,aditya.iyer3783@gmail.com,2022-09-14,India,Patna,202739,37,Male,Gold
U000488,Krishna,Shetty,krishna.shetty1828@gmail.com,2023-04-08,India,Jaipur,249199,26,Female,Bronze
U000489,Ishaan,Singh,ishaan.singh6728@gmail.com,2021-02-21,India,Chandigarh,715994,54,Male,Platinum
U000490,Myra,Gupta,myra.gupta7218@gmail.com,2024-09-07,India,Surat,646337,53,Other,Bronze
U000491,Krishna,Yadav,krishna.yadav1879@gmail.com,2022-06-28,India,Mumbai,551633,42,Male,Bronze
U000492,Sai,Nair,sai.nair5195@gmail.com,2022-03-08,India,Delhi,812558,31,Other,Bronze
U000493,Zara,Patel,zara.patel9947@gmail.com,2022-05-23,India,Surat,494448,61,Male,Silver
U000494,Ananya,Bose,ananya.bose4217@gmail.com,2022-12-19,India,Indore,660452,29,Female,Silver
U000495,Zara,Bose,zara.bose2280@gmail.com,2020-04-02,India,Hyderabad,568377,46,Female,Bronze
U000496,Arjun,Nair,arjun.nair9812@gmail.com,2024-06-26,India,Bhopal,480783,31,Female,Gold
U000497,Aadhya,Gupta,aadhya.gupta4755@gmail.com,2024-02-11,India,Surat,710816,51,Other,Silver
U000498,Saanvi,Sharma,saanvi.sharma6481@gmail.com,2022-02-21,India,Ahmedabad,787546,39,Male,Silver
U000499,Vivaan,Malhotra,vivaan.malhotra6379@gmail.com,2023-02-26,United Kingdom,Manchester,79345,32,Female,Bronze
U000500,Ira,Chowdhury,ira.chowdhury3477@gmail.com,2023-05-12,India,Kochi,693526,61,Male,Gold
